{"cameraMode":{"drawMode":0,"name":"Shaded","section":"Shading Mode"},"sceneLighting":false,"audioPlay":false,"sceneViewState":{"m_AlwaysRefresh":false,"showFog":true,"showSkybox":false,"showFlares":true,"showImageEffects":true,"showParticleSystems":true,"showVisualEffectGraphs":true,"m_FxEnabled":true},"in2DMode":false,"pivot":{"x":-0.1566675901412964,"y":1.061161756515503,"z":0.012445688247680664},"rotation":{"x":0.1858331710100174,"y":-0.18852904438972474,"z":0.036362532526254657,"w":0.9636309146881104},"size":1.1067737340927125,"orthographic":false}