{"cameraMode":{"drawMode":0,"name":"Shaded","section":"Shading Mode"},"sceneLighting":false,"audioPlay":false,"sceneViewState":{"m_AlwaysRefresh":false,"showFog":true,"showSkybox":false,"showFlares":true,"showImageEffects":true,"showParticleSystems":true,"showVisualEffectGraphs":true,"m_FxEnabled":true},"in2DMode":false,"pivot":{"x":0.08042144775390625,"y":0.6297434568405151,"z":0.012468814849853516},"rotation":{"x":0.2839607000350952,"y":-0.023571833968162538,"z":0.0069911424070596699,"w":0.9585304260253906},"size":5.245635509490967,"orthographic":false}