{"cameraMode":{"drawMode":0,"name":"Shaded","section":"Shading Mode"},"sceneLighting":true,"audioPlay":false,"sceneViewState":{"m_AlwaysRefresh":false,"showFog":true,"showSkybox":true,"showFlares":true,"showImageEffects":true,"showParticleSystems":true,"showVisualEffectGraphs":true,"m_FxEnabled":true},"in2DMode":false,"pivot":{"x":9.012646675109864,"y":3.0690388679504396,"z":15.622005462646485},"rotation":{"x":0.12386463582515717,"y":0.46797388792037966,"z":-0.06641308963298798,"w":0.8725237250328064},"size":2.4427340030670168,"orthographic":false}