{"cameraMode":{"drawMode":0,"name":"Shaded","section":"Shading Mode"},"sceneLighting":false,"audioPlay":false,"sceneViewState":{"m_AlwaysRefresh":false,"showFog":true,"showSkybox":false,"showFlares":true,"showImageEffects":true,"showParticleSystems":true,"showVisualEffectGraphs":true,"m_FxEnabled":true},"in2DMode":false,"pivot":{"x":-1.0308516025543213,"y":1.1318835020065308,"z":0.8091827630996704},"rotation":{"x":0.042503874748945239,"y":0.689526379108429,"z":-0.04114587977528572,"w":0.7218781113624573},"size":5.306653022766113,"orthographic":false}