{"cameraMode":{"drawMode":0,"name":"Shaded","section":"Shading Mode"},"sceneLighting":false,"audioPlay":false,"sceneViewState":{"m_AlwaysRefresh":false,"showFog":true,"showSkybox":false,"showFlares":true,"showImageEffects":true,"showParticleSystems":true,"showVisualEffectGraphs":true,"m_FxEnabled":true},"in2DMode":false,"pivot":{"x":-0.8287839889526367,"y":1.2976020574569703,"z":0.3125966191291809},"rotation":{"x":-0.014735305681824685,"y":0.7474510669708252,"z":0.016589878126978875,"w":0.6639458537101746},"size":1.6217665672302247,"orthographic":false}